business_model,mean_mae,mean_rmse,mean_r2
early_behavior,0.06778689450670722,0.08601694317310576,0.29296415592894953
existing_customer,0.0685644123299397,0.08661949839204264,0.2855439683821545
new_user,0.06919804531035727,0.08720604426841609,0.28026107465291167
