target,train_average_share
WineShare,0.45844168477163205
FruitShare,0.049294729365370715
MeatShare,0.24767873213183075
FishShare,0.0712331895664324
SweetShare,0.051369355805681534
GoldShare,0.12198230835905256
