{
  "No Response": {
    "precision": 0.9194029850746268,
    "recall": 0.8083989501312336,
    "f1-score": 0.8603351955307262,
    "support": 381.0
  },
  "Response": {
    "precision": 0.35398230088495575,
    "recall": 0.5970149253731343,
    "f1-score": 0.4444444444444444,
    "support": 67.0
  },
  "accuracy": 0.7767857142857143,
  "macro avg": {
    "precision": 0.6366926429797912,
    "recall": 0.702706937752184,
    "f1-score": 0.6523898199875853,
    "support": 448.0
  },
  "weighted avg": {
    "precision": 0.8348423023944751,
    "recall": 0.7767857142857143,
    "f1-score": 0.7981372483816618,
    "support": 448.0
  }
}