{
  "No Response": {
    "precision": 0.8504464285714286,
    "recall": 1.0,
    "f1-score": 0.9191797346200241,
    "support": 381.0
  },
  "Response": {
    "precision": 0.0,
    "recall": 0.0,
    "f1-score": 0.0,
    "support": 67.0
  },
  "accuracy": 0.8504464285714286,
  "macro avg": {
    "precision": 0.4252232142857143,
    "recall": 0.5,
    "f1-score": 0.45958986731001206,
    "support": 448.0
  },
  "weighted avg": {
    "precision": 0.723259127869898,
    "recall": 0.8504464285714286,
    "f1-score": 0.781713122522833,
    "support": 448.0
  }
}