Model,CV_Accuracy_Mean,CV_Precision_Mean,CV_Recall_Mean
Baseline Dummy Classifier,0.8506721124203871,0.0,0.0
Logistic Regression,0.8277263978216984,0.45682710814948296,0.8051013277428373
K-Nearest Neighbors (KNN),0.8668841838411343,0.6050929962220285,0.3335429769392033
Decision Tree,0.8383722203965386,0.4558793058793059,0.44577218728162127
