Model,Test_Accuracy,Test_Precision_Response_1,Test_Recall_Response_1
Baseline Dummy Classifier,0.8504464285714286,0.0,0.0
Logistic Regression,0.8191964285714286,0.4396551724137931,0.7611940298507462
K-Nearest Neighbors (KNN),0.8772321428571429,0.6666666666666666,0.3582089552238806
Decision Tree,0.8549107142857143,0.5161290322580645,0.47761194029850745
