Income,Recency,CustomerTenure,Age,TotalChildren,TotalSpending,TotalPurchases,CampaignAcceptedTotal,NumWebVisitsMonth,NumDealsPurchases,NumWebPurchases,NumCatalogPurchases,NumStorePurchases
-0.8148082764808715,0.004644990162723763,-0.19487630541804496,-0.23748268506099757,0.35867796264135726,-0.8539429770883044,-0.9522473497216047,-0.3142730540817838,0.44383563995617403,-0.23748283406208373,-0.743880317185661,-0.7339840178411694,-0.8114412315587055
0.04959285233054877,-0.027758827855066063,0.5903817490497861,0.2888028721077576,0.525364359460103,0.1002984846944219,0.8022897777452301,-0.07623736290405764,0.5859450340796251,1.3136279798424781,0.8946727393293329,0.006735292265779183,0.34256490146515467
1.3693918645165846,0.005741882657677754,0.03038316731767822,-0.053171957084697095,-0.9959777558700278,1.725218282367721,0.8765267651873581,2.277083466685938,-0.8836282751564751,-0.5677996081898601,0.5041195685734151,1.3393466552044584,0.7720015396414812
0.8459821728598061,0.011645547097342283,-0.13976352171032874,0.20637532051820648,-0.6520272468547545,0.7346345917108971,0.6823962387938016,-0.2835385231951196,-0.8926905017337411,-0.4042292654814926,0.39148872712822813,0.7506752351385205,0.8420176257240053
