{
  "No Response": {
    "precision": 0.9518072289156626,
    "recall": 0.8293963254593176,
    "f1-score": 0.8863955119214586,
    "support": 381.0
  },
  "Response": {
    "precision": 0.4396551724137931,
    "recall": 0.7611940298507462,
    "f1-score": 0.5573770491803278,
    "support": 67.0
  },
  "accuracy": 0.8191964285714286,
  "macro avg": {
    "precision": 0.6957312006647278,
    "recall": 0.7952951776550319,
    "f1-score": 0.7218862805508932,
    "support": 448.0
  },
  "weighted avg": {
    "precision": 0.8752130597513206,
    "recall": 0.8191964285714286,
    "f1-score": 0.8371896257525842,
    "support": 448.0
  }
}