{
  "No Response": {
    "precision": 0.9064039408866995,
    "recall": 0.9658792650918635,
    "f1-score": 0.9351969504447268,
    "support": 381.0
  },
  "Response": {
    "precision": 0.6904761904761905,
    "recall": 0.43283582089552236,
    "f1-score": 0.5321100917431193,
    "support": 67.0
  },
  "accuracy": 0.8861607142857143,
  "macro avg": {
    "precision": 0.798440065681445,
    "recall": 0.6993575429936929,
    "f1-score": 0.733653521093923,
    "support": 448.0
  },
  "weighted avg": {
    "precision": 0.8741111746422707,
    "recall": 0.8861607142857143,
    "f1-score": 0.8749138711299775,
    "support": 448.0
  }
}