k,silhouette_score,inertia
2,0.2846613456010567,20213.95231191224
3,0.23776735674466845,17575.716861404067
4,0.22850618640705345,16382.292064081079
5,0.14963740426858696,15398.250059441238
6,0.14373281462573034,14521.811849864387
7,0.1402235350511366,13945.240613284022
8,0.12962757793715202,13468.323318255134
